,trial_index,arm_name,trial_status,generation_method,mse,optimizer,learning_rate,batch_size,momentum,weight_decay,hidden_dimension,embedding_dimension,codebook_size,commitment_weight
0,0,0_0,COMPLETED,Sobol,0.2384576227515936,adam,0.0015692441295553977,128,0.4242419467270374,0.003121459933096992,32,128,1024,8.345571427941323
1,1,1_0,COMPLETED,Sobol,11.49875864982605,adamax,2.4131818324335206e-06,256,0.6103063640780747,6.30420519014728e-06,128,64,256,3.5263702319934964
2,2,2_0,COMPLETED,Sobol,747664828.9426751,adamax,0.008616367786150587,32,0.04532690056879073,3.3566440217309935e-05,256,256,64,0.531815581182018
3,3,3_0,COMPLETED,Sobol,0.14125864263623952,adam,0.00023562624648058771,128,0.9806832348369062,0.013964181880125022,16,32,512,5.1169524721242485
4,4,4_0,COMPLETED,Sobol,0.6064061522483826,adam,0.08465109504589545,512,0.8531416609380394,0.023956349167029652,64,512,64,2.456965985223651
5,5,5_0,COMPLETED,Sobol,3.3329901695251465,adamax,3.086827407375602e-05,64,0.1650658710440621,0.0002428091921560483,64,16,512,6.925247539868578
6,6,6_0,COMPLETED,Sobol,1.8866121590137481,adamax,0.0008761445445807625,256,0.7402869660872966,3.6747734249810273e-06,128,256,1024,9.002751297783107
7,7,7_0,COMPLETED,Sobol,7.8285808138027315,adam,5.68140332828189e-06,32,0.30206405513640494,0.00043150328914227026,16,64,256,4.144159169094637
8,8,8_0,COMPLETED,Sobol,0.8882701486349106,adam,0.013964239525297876,256,0.23912778355088085,1.43399653955885e-05,16,512,64,1.537482891427353
9,9,9_0,COMPLETED,Sobol,0.7831590473651886,adamax,9.05559142020924e-05,32,0.8022485449109227,0.0014063801791431543,256,16,512,6.591216025631875
10,10,10_0,COMPLETED,Sobol,4.508058738708496,adamax,0.0053403811909428405,512,0.3528627922749147,0.00805628399814517,128,256,1024,9.995288135847076
11,11,11_0,COMPLETED,Sobol,11.606463866897776,adam,1.9474741165398303e-06,64,0.6663212188202888,6.824655832370347e-05,32,32,256,4.395303075686097
12,12,12_0,COMPLETED,Sobol,0.2709635666031746,adam,0.0005406062481205191,32,0.5441128522641957,0.00011707619707524653,16,128,1024,7.972359398249536
13,13,13_0,COMPLETED,Sobol,43.37427825927735,adamax,1.4782940465826635e-05,256,0.48287388134468345,0.05827369436097225,256,64,256,2.6457629039976744
14,14,14_0,COMPLETED,Sobol,666031810150.4,adamax,0.024874119186146747,128,0.9220180024467408,0.0008198210346929334,128,512,64,0.8221401241794228
15,15,15_0,COMPLETED,Sobol,6.481225490570068,adam,3.8249659305176296e-05,512,0.1115557225914672,1.982418846478258e-06,64,16,512,6.070613544387743
16,16,16_0,COMPLETED,Sobol,0.06130815226181298,adam,0.040839892626387056,32,0.7146046915892511,0.022024756603800533,256,64,64,6.336018032198772
17,17,17_0,COMPLETED,Sobol,6.611122417449951,adamax,6.29775376916722e-05,256,0.28018883743789047,2.1538415292586032e-05,16,128,512,1.7896711435914041
18,18,18_0,COMPLETED,BoTorch,0.10154429225215486,adam,0.056956420005913944,32,0.2053512776026461,0.004936211874276487,16,256,1024,5.1398795422181225
19,19,19_0,COMPLETED,BoTorch,0.3848960131406784,adam,0.1,512,0.999,0.1,16,64,64,5.621194585617981
20,20,20_0,COMPLETED,BoTorch,0.3300218731164932,adam,0.1,512,0.999,0.1,16,16,512,1.848463001339871
21,21,21_0,COMPLETED,BoTorch,0.05128975744080392,adam,0.020498210907375525,32,0.2845272758646658,0.1,16,512,512,7.266113627310919
22,22,22_0,COMPLETED,BoTorch,1.0982629394834968,adamax,8.298874368670904e-05,32,0.999,6.527498469472203e-06,256,16,1024,10.0
23,23,23_0,COMPLETED,BoTorch,1.5822122931480407,adam,0.0036439860944215007,512,0.999,0.1,16,512,1024,4.738256869997019
24,24,24_0,COMPLETED,BoTorch,0.042079683962711105,adam,0.005872603780618843,32,0.999,0.1,16,16,64,5.981480849000617
25,25,25_0,COMPLETED,BoTorch,0.07251686251657025,adam,0.02449287818947649,32,0.999,0.0019357038127280676,64,16,512,6.564792068817691
26,26,26_0,COMPLETED,BoTorch,0.07122550968816325,adam,0.0034802748507349562,32,0.0,0.1,16,16,1024,5.414139202622705
27,27,27_0,COMPLETED,BoTorch,0.07195795934860873,adam,0.029389645623239816,32,0.999,0.00018749672570866078,16,16,256,3.5603276378233644
28,28,28_0,COMPLETED,BoTorch,0.058895050886140506,adam,0.1,32,0.0,0.019801548425488407,16,64,256,3.150146899430501
29,29,29_0,COMPLETED,BoTorch,0.24657099698759188,adamax,0.00019694442289240456,32,0.999,2.7110893670713047e-05,256,16,64,8.019883514399709
30,30,30_0,COMPLETED,BoTorch,0.9751292429152568,adamax,0.000380787506097662,32,0.999,0.1,256,16,1024,8.167017682536608
31,31,31_0,COMPLETED,BoTorch,0.08703239622769082,adam,0.000515393710079706,32,0.0,0.1,16,16,64,6.918709542870863
32,32,32_0,COMPLETED,BoTorch,0.19283495017677355,adam,0.1,32,0.0,1e-06,32,16,64,3.044965965666394
33,33,33_0,COMPLETED,BoTorch,0.19260834916761727,adam,0.1,32,0.0,5.135120618817066e-06,64,512,64,7.5959392860260495
34,34,34_0,COMPLETED,BoTorch,0.1376465802328496,adam,0.07429346968787433,64,0.0,0.1,16,16,64,4.984000985052472
35,35,35_0,COMPLETED,BoTorch,306.3111856194991,adamax,0.0002071844920385861,64,0.0,1e-06,16,16,64,0.01
36,36,36_0,COMPLETED,BoTorch,21893.037430775315,adam,0.000303924986535365,64,0.0,0.1,16,16,64,0.01
37,37,37_0,COMPLETED,BoTorch,28.976668739318846,adamax,7.516616902646034e-05,512,0.999,1e-06,256,512,1024,7.893150115802012
38,38,38_0,COMPLETED,BoTorch,0.5548440362237821,adamax,0.00025655836091515485,32,0.999,1e-06,16,16,256,4.838625341210906
39,39,39_0,COMPLETED,BoTorch,0.13934092290082556,adam,0.00042217751483344853,32,0.999,1e-06,256,512,64,10.0
40,40,40_0,COMPLETED,BoTorch,0.09446750927692765,adam,0.010627720387387704,32,0.999,1e-06,256,512,64,8.312706056114
41,41,41_0,COMPLETED,BoTorch,0.34495222900703454,adam,0.00064662413108452,32,0.999,1e-06,256,512,64,7.59735848586601
42,42,42_0,COMPLETED,BoTorch,0.13260343628134696,adam,0.00031569767292932086,32,0.999,1e-06,16,512,64,5.408555380444681
43,43,43_0,COMPLETED,BoTorch,0.270177398622036,adam,0.09360473286500205,256,0.39737578160007614,1e-06,16,16,64,4.773867321070523
44,44,44_0,COMPLETED,BoTorch,0.5307415038347244,adamax,0.0491441656685082,256,0.999,1e-06,32,512,64,5.513024778058945
45,45,45_0,COMPLETED,BoTorch,0.5827933236767974,adamax,0.003259976465846064,64,0.999,1e-06,128,64,64,9.89618765352573
46,46,46_0,COMPLETED,BoTorch,0.23995763212442398,adam,0.0022613818135124903,128,0.999,1e-06,16,512,64,6.4379448063158575
47,47,47_0,COMPLETED,BoTorch,4.458539307117462,adamax,0.00271513459243364,128,0.999,1e-06,16,512,64,7.13107142594735
48,48,48_0,COMPLETED,BoTorch,20.989308977127074,adamax,0.1,128,0.999,0.1,256,512,64,8.119394783585939
49,49,49_0,COMPLETED,BoTorch,0.17373917028307914,adam,0.00042086056318523977,256,0.999,1e-06,16,16,1024,6.2121783915932705
50,50,50_0,COMPLETED,BoTorch,0.445560632249977,adamax,0.0007470930287324246,64,0.3963162714263467,1e-06,64,32,64,10.0
51,51,51_0,COMPLETED,BoTorch,0.175857774913311,adam,0.09282262259398152,256,0.999,0.1,32,512,64,4.2409643052767985
52,52,52_0,COMPLETED,BoTorch,0.40562613904476164,adamax,0.1,512,0.999,1e-06,16,16,512,4.635133167536629
53,53,53_0,COMPLETED,BoTorch,0.16031433765295963,adam,0.0006307694359017099,32,0.999,1e-06,128,512,64,8.803438267860244
54,54,54_0,COMPLETED,BoTorch,0.11005650870501996,adam,0.06568614413936524,128,0.30867992570226477,0.1,16,32,1024,1.331397627741258
55,55,55_0,COMPLETED,BoTorch,0.5787975393235684,adamax,0.05298637872620261,128,0.999,1e-06,16,512,64,4.685087606552166
56,56,56_0,COMPLETED,BoTorch,0.22598626756969886,adam,0.0013464429356479732,64,0.999,1e-06,256,16,256,9.887503824238618
57,57,57_0,COMPLETED,BoTorch,0.13506237976253033,adam,0.000650783870054123,128,0.999,0.1,16,16,1024,5.982785680154157
58,58,58_0,COMPLETED,BoTorch,0.09362124390900135,adam,0.0006617215025023637,128,0.0,1e-06,16,16,64,5.6576464796384265
59,59,59_0,COMPLETED,BoTorch,0.7603394039876902,adamax,0.001607884575281342,32,0.999,1e-06,256,512,64,10.0
60,60,60_0,COMPLETED,BoTorch,14.858804186438299,adam,1e-06,32,0.3692504915552245,1.4504405029069046e-05,32,128,256,10.0
61,61,61_0,COMPLETED,BoTorch,0.7267142556890657,adam,0.07723540840434577,64,0.999,1e-06,256,512,64,8.113669342476939
62,62,62_0,COMPLETED,BoTorch,0.08197208688517285,adam,0.006082443467366621,32,0.0,1e-06,16,512,64,6.4133700651653855
63,63,63_0,COMPLETED,BoTorch,1.9703181266784668,adamax,0.04520234621503043,512,0.999,1e-06,16,512,64,4.784833128975077
64,64,64_0,COMPLETED,BoTorch,0.7146740958094597,adamax,0.1,128,0.999,1e-06,32,512,1024,5.155246982922596
65,65,65_0,COMPLETED,BoTorch,0.10666980240494013,adam,0.025061627566785094,128,0.999,0.1,16,32,1024,1.7101583536055693
66,66,66_0,COMPLETED,BoTorch,0.1686092420846601,adam,0.006504272446279521,64,0.0,0.1,16,32,1024,4.053118172302163
67,67,67_0,COMPLETED,BoTorch,0.065985352180566,adam,0.00020012311113758418,32,0.0,1e-06,16,16,64,6.718796720248349
68,68,68_0,COMPLETED,BoTorch,1.239806306210293,adamax,0.0008658416836210698,32,0.999,1e-06,128,256,64,9.248148178343152
69,69,69_0,COMPLETED,BoTorch,0.07451280429959298,adam,0.0004588816499308962,128,0.0,5.1600078357902854e-06,16,16,64,6.520355138966608
70,70,70_0,COMPLETED,BoTorch,0.049643654993195445,adam,0.0038099168198141003,32,0.0,0.0010834582692959096,16,16,64,10.0
71,71,71_0,COMPLETED,BoTorch,0.10954268578487107,adam,0.0036516865591058713,64,0.0,0.1,16,16,256,6.178798456931144
72,72,72_0,COMPLETED,BoTorch,0.05783354773928848,adam,0.020649879271886558,64,0.999,0.1,16,16,1024,1.6821152617243673
73,73,73_0,COMPLETED,BoTorch,0.5616237252950669,adamax,0.1,256,0.999,0.1,16,16,1024,4.775528759456426
74,74,74_0,COMPLETED,BoTorch,0.10667063637523894,adamax,0.005086877967921427,32,0.0,1e-06,16,16,64,10.0
75,75,75_0,COMPLETED,BoTorch,0.10275870948275433,adamax,0.04873106663412872,64,0.5238118380131982,1e-06,32,64,64,6.824821340905138
76,76,76_0,COMPLETED,BoTorch,0.10496236716106438,adamax,0.02714419474737751,32,0.6182207702005141,1e-06,16,16,64,6.412812832184792
77,77,77_0,COMPLETED,BoTorch,0.33468320739420154,adamax,0.03692606727213656,64,0.1725181791470515,1e-06,16,128,64,6.318978609149771
78,78,78_0,COMPLETED,BoTorch,0.09239548699388021,adam,0.005453046066969075,64,0.999,1e-06,64,64,64,7.697118763356091
79,79,79_0,COMPLETED,BoTorch,0.16035723535320426,adamax,0.06976056794847438,64,0.999,1e-06,16,16,64,5.088878051190713
80,80,80_0,COMPLETED,BoTorch,0.049516654555584974,adam,0.012689306567931685,32,0.0,1e-06,16,16,64,8.999194141930664
81,81,81_0,COMPLETED,BoTorch,0.06457918675936711,adam,0.006713963824982543,32,0.6480754260837938,1e-06,256,64,64,9.81631103580067
82,82,82_0,COMPLETED,BoTorch,0.0583560443512953,adam,0.040748015373636266,32,0.0,1e-06,16,128,64,5.54349475098125
83,83,83_0,COMPLETED,BoTorch,0.11360154338652574,adam,0.0005491799072242888,64,0.999,1e-06,16,128,64,7.001169823847845
84,84,84_0,COMPLETED,BoTorch,0.29127915901473805,adam,0.0010630967089126887,64,0.999,1e-06,32,512,256,5.801328262835856
85,85,85_0,COMPLETED,BoTorch,0.09488898321131992,adamax,0.008786581461695248,32,0.0,1e-06,16,16,64,9.725934834799954
86,86,86_0,COMPLETED,BoTorch,0.12739727826444966,adam,0.0013531821578122542,32,0.999,1e-06,16,16,256,8.216042104020966
87,87,87_0,COMPLETED,BoTorch,0.10489317589694527,adam,0.0003264436338900973,32,0.999,1e-06,256,16,64,7.223836339236901
88,88,88_0,COMPLETED,BoTorch,0.25077420805290246,adamax,0.007322230028494482,32,0.0,0.07405541027053622,32,16,64,10.0
89,89,89_0,COMPLETED,BoTorch,0.048035452083037916,adam,0.007243048330941033,32,0.0,0.004247159944525413,32,16,64,10.0
90,90,90_0,COMPLETED,BoTorch,0.15618486909926693,adam,0.1,64,0.999,0.00020484013875191265,32,256,64,4.338624379178716
91,91,91_0,COMPLETED,BoTorch,0.060307575591430546,adam,0.00711851564792055,32,0.7481984185696129,1e-06,128,16,64,7.265255241005144
92,92,92_0,COMPLETED,BoTorch,0.3368479982018471,adamax,0.1,256,0.999,1e-06,32,32,64,5.409434252237165
93,93,93_0,COMPLETED,BoTorch,0.06322702991811535,adam,0.021685841432640723,64,0.0,0.1,16,64,256,3.2987333480029
94,94,94_0,COMPLETED,BoTorch,0.11745248980160002,adam,0.0411080995512145,64,0.0,1e-06,16,16,1024,5.15801906226249
95,95,95_0,COMPLETED,BoTorch,0.11162178721397546,adam,0.005418980552226374,32,0.691757021341215,0.00011564217697504354,128,512,64,10.0
96,96,96_0,COMPLETED,BoTorch,0.21782325506210326,adam,0.1,128,0.10026379766284836,0.0017131249292373569,32,256,64,7.856513817735853
97,97,97_0,COMPLETED,BoTorch,0.07748105659892288,adam,0.1,64,0.999,0.1,16,128,64,3.94621585310475
98,98,98_0,COMPLETED,BoTorch,0.04985740669308954,adam,0.0111026601656466,32,0.0,0.0790481596494246,64,256,64,6.554664670158383
99,99,99_0,COMPLETED,BoTorch,0.05705967986849463,adam,0.01570592474659433,32,0.0,1e-06,32,64,64,8.404108249024876
